, IL10 AND TGFB,IgG AND A2a,Hipoxia AND GCGCR,IL1B AND IL6e
M1,1.806179974,-4,2.10720997,2.10720997
M1M2b,2.10720997,2.283301229,2.10720997,2.584331224
M1M2bM2d,2.10720997,2.10720997,1.806179974,2.709269961
M1M2d,1.505149978,-4,1.806179974,2.10720997
